Jahr;Nr;Interpret;Song
1955;1;Big Joe Turner;Flip Flop And Fly
1955;2;The El Dorados;(Crazy Little Mama) At My Front Door
1955;3;Elvis Presley;Mystery Train
1955;4;Bobby Charles;Later Alligator
1955;5;Evelyn Künneke;Du bist ein Tiger
1955;6;The Four Freshmen;Speak Low
1955;7;Smiley Lewis;I Hear You Knocking
1955;8;Caterina Valente / Orchester Mike Firestone;Ganz Paris träumt von der Liebe
1955;9;Julie London;Cry Me A River
1955;10;Dean Martin;Memories Are Made Of This
1955;11;Chet Baker;Let's Get Lost
1955;12;Tennessee Ernie Ford;Sixteen Tons
1955;13;Johnny Cash And The Tennessee Two;Hey, Porter
1955;14;Chuck Berry;Maybellene
1955;15;Bo Diddley;Bo Diddley
1955;16;Muddy Waters;Mannish Boy
1955;17;Eddie Constantine;Schenk deiner Frau doch hin und wieder rote Rosen
1955;18;Sam Cooke & The Soul Stirrers;The Last Mile Of The Way
1955;19;Roy Hamilton;Unchained Melody
1955;20;Guitar Slim;The Things That I Used To Do
1956;1;"Clarence ""Frogman"" Henry";Ain't Got No Home
1956;2;Wanda Jackson;Baby Loves Him
1956;3;Roy Orbison And Teen Kings;Ooby Dooby
1956;4;Little Richard And His Band;Rip It Up
1956;5;Ray Charles;Lonely Avenue
1956;6;Peter Kraus;Die Straße der Vergessenen
1956;7;Elvis Presley;Don't Be Cruel
1956;8;Johnny Cash;I Walk The Line
1956;9;Gene Vincent;Be-Bop-A-Lula
1956;10;Doris Day;Whatever Will Be, Will Be (Que sera, sera)
1956;11;James Brown;Please, Please, Please
1956;12;Aretha Franklin;Precious Lord (Part One)
1956;13;Shirley And Lee;Let The Good Times Roll
1956;14;Carl Perkins;Blue Suede Shoes
1956;15;The Johnny Burnette Trio;The Train Kept A-Rollin'
1956;16;The Cadets;Stranded In The Jungle
1956;17;Bo Diddley;Who Do You Love
1956;18;The Lonnie Donegan Skiffle Group;Rock Island Line
1956;19;The Drifters;Ruby Baby
1956;20;Chuck Willis;It's Too Late
1957;1;Mose Allison;Young Man's Blues
1957;2;Fats Domino;Blue Monday
1957;3;Bobby Day And The Satellites;Little Bitty Pretty One
1957;4;Larry Williams;Short Fat Fannie
1957;5;Jerry Lee Lewis;Whole Lotta Shakin' Goin' On
1957;6;Warren Smith;Red Cadillac And A Black Moustache
1957;7;Richard Berry And The Pharaohs;Louie Louie
1957;8;Robert Mitchum;What Is This Generation Coming To?
1957;9;Harry Belafonte;Island In The Sun
1957;10;"Huey ""Piano"" Smith & The Clowns";Rockin' Pneumonia And The Boogie Woogie Flu
1957;11;Gene Vincent;Cruisin'
1957;12;The Vipers Skiffle Group;Don't You Rock Me Daddy-O
1957;13;Evelyn Künneke;Der Mann mit dem Rock'n'Roll-Pullover
1957;14;"Bobby ""Blue"" Bland";Farther Up The Road
1957;15;Otis Rush & Willie Dixon Band;Three Times A Fool
1957;16;Bill Riley & His Little Green Man;Flying Saucers Rock & Roll
1957;17;Buddy Holly And The Crickets;That'll Be The Day
1957;18;The Everly Brothers;Bye Bye Love
1957;19;Judy Garland;Happy New Year
1957;20;Elvis Presley;Young And Beautiful
1958;1;Lloyd Price;Stagger Lee
1958;2;Elvis Presley;One Night
1958;3;Ivan;Real Wild Child
1958;4;Johnnie Taylor & The Soul Stirrers;The Love Of God
1958;5;Nina Simone;My Baby Just Cares For Me
1958;6;Ruth Brown;This Little Girl's Gone Rockin'
1958;7;Perez Prado;Patricia
1958;8;Tommy Edwards;It's All In The Game
1958;9;Chris Howland;Fräulein
1958;10;Jody Reynolds;Endless Sleep
1958;11;Domenico Modugno;Nel blu dipinto di blu
1958;12;Dion & The Belmonts;I Wonder Why
1958;13;Don Gibson;Oh Lonesome Me
1958;14;Ronnie Self;Bop-A-Lena
1958;15;Chuck Berry;Johnny B. Goode
1958;16;The Johnny Otis Show;Willie & The Hand Jive
1958;17;Howlin' Wolf;Moanin' For My Baby
1958;18;James Brown;Try Me
1958;19;Jerry Butler & The Impressions;For Your Precious Love
1958;20;Chuck Willis;Hang Up My Rock'N'Roll Shoes
1959;1;Frankie Ford;Sea Cruise
1959;2;George Jones;White Lightning
1959;3;The Clovers;Love Potion No. 9
1959;4;The Isley Brothers;Shout
1959;5;Dalida;Am Tag als der Regen kam
1959;6;Luiz Bonfá;Manha de carnaval
1959;7;The Drifters;There Goes My Baby
1959;8;Bo Diddley;Say Man
1959;9;Sandy Nelson;Teen Beat
1959;10;Ronnie Hawkins And The Hawks;Forty Days
1959;11;The Falcons;You're So Fine
1959;12;Dinah Washington;What A Diff'rence A Day Makes
1959;13;Martin Denny;Quiet Village
1959;14;The Staple Singers;Uncloudy Day
1959;15;Phil Phillips & The Twilights;Sea Of Love
1959;16;The Wailers;Tall Cool One
1959;17;Freddy Cannon;Tallahassee Lassie
1959;18;Bobby Darin;Mack The Knife
1959;19;Sarah Vaughan;Broken Hearted Melody
1959;20;The Miracles;Bad Girl
1960;1;Bert Kaempfert und sein Orchester;Wunderland bei Nacht
1960;2;Fats Domino;Walking To New Orleans
1960;3;Barrett Strong;Money (That's What I Want)
1960;4;The Ventures;Walk - Don't Run
1960;5;Johnny Kidd And The Pirates;Shakin' All Over
1960;6;Hank Thompson;A Six Pack To Go
1960;7;Serge Gainsbourg;Judith
1960;8;Sérgio Ricardo;Máxima culpa
1960;9;Jesse Belvin;Blues In The Night
1960;10;Elvis Presley;Reconsider Baby
1960;11;Link Wray;Comanche
1960;12;Ike & Tina Turner;A Fool In Love
1960;13;Aaron Neville;Over You
1960;14;Wanda Jackson;Let's Have A Party
1960;15;The Kingston Trio;Bad Man Blunder
1960;16;Loretta Lynn;I'm A Honky Tonk Girl
1960;17;Brenda Lee;Sweet Nothin's
1960;18;Jerry Butler;He Will Break Your Heart
1960;19;Eddie Cochran;Three Steps To Heaven
1960;20;Juliette Gréco;Il n'y a plus d'après
1961;1;The Mar-Keys;Last Night
1961;2;Ike & Tina Turner;It's Gonna Work Out Fine
1961;3;Bobby Lewis;Tossin' And Turnin'
1961;4;Joey Dee And The Starliters;Peppermint Twist
1961;5;The Ventures;Driving Guitars (Ventures' Twist)
1961;6;Del Shannon;Runaway
1961;7;Dion;The Wanderer
1961;8;Bobby Bland;St. James Infirmary
1961;9;Patsy Cline;I Fall To Pieces
1961;10;Ben E. King;Stand By Me
1961;11;Elvis Presley;Can't Help Falling In Love
1961;12;Julie London;Daddy
1961;13;Esquivel;Harlem Nocturne
1961;14;The Shadows;Kon-Tiki
1961;15;Tony Sheridan;My Bonnie (Mein Herz ist bei dir nur)
1961;16;The Marvelettes;Please Mr. Postman
1961;17;Chris Kenner;Like It Like That
1961;18;Lee Dorsey;Ya Ya
1961;19;Jimmy Reed;Bright Lights, Big City
1961;20;Timi Yuro;Hurt
1962;1;Quincy Jones;Soul Bossa Nova
1962;2;Ernie Maresca;Shout! Shout! (Knock Yourself Out)
1962;3;Little Eva;The Loco-Motion
1962;4;The Cookies;Chains
1962;5;Mary Wells;You Beat Me To The Punch
1962;6;Solomon Burke;Cry To Me
1962;7;Little Stevie Wonder;Frankie And Johnny
1962;8;King Curtis & The Noble Knights;Soul Twist
1962;9;Gene Chandler;Duke Of Earl
1962;10;Willie Nelson;Touch Me
1962;11;The Fleetwoods;Lovers By Night, Strangers By Day
1962;12;Helen Shapiro;Keep Away From Other Girls
1962;13;B. Bumble & The Stingers;Nut Rocker
1962;14;The Contours;Do You Love Me
1962;15;Booker T. & The M.G.'s;Green Onions
1962;16;Jimmy Cliff;Miss Jamaica
1962;17;The Sentinals;Latin'ia
1962;18;The Beach Boys;Surfin' Safari
1962;19;The Miracles;You've Really Got A Hold On Me
1962;20;The Tornados;Telstar
1963;1;The Chantays;Pipeline
1963;2;The Kingsmen;Louie Louie
1963;3;Buck Owens & His Buckaroos;Act Naturally
1963;4;Jackie Wilson;Baby Workout
1963;5;Dusty Springfield;I Only Want To Be With You
1963;6;Lesley Gore;You Don't Own Me
1963;7;The Beach Boys;In My Room
1963;8;Henry Mancini;It Had Better Be Tonight
1963;9;The Searchers;Sweets For My Sweet
1963;10;Billy J. Kramer & The Dakotas;I'll Keep You Satisfied
1963;11;Skeeter Davis;The End Of The World
1963;12;Sonny Boy Williamson [II];Help Me
1963;13;Rufus Thomas;Walking The Dog
1963;14;Dionne Warwick;Anyone Who Had A Heart
1963;15;Johnny Cash;Ring Of Fire
1963;16;Jorge Ben;Mas que nada
1963;17;Kyu Sakamoto;Sukiyaki
1963;18;Rita Pavone;Wenn ich ein Junge wär'
1963;19;Martha Reeves & The Vandellas;(Love Is Like A) Heat Wave
1963;20;Gerry & The Pacemakers;You'll Never Walk Alone
1964;1;Marvin Gaye;Baby Don't You Do It
1964;2;The High Numbers;I'm The Face
1964;3;Roy Orbison;Oh, Pretty Woman
1964;4;The Rivieras;California Sun
1964;5;Jan & Dean;Dead Man's Curve
1964;6;Solomon Burke;Everybody Needs Somebody To Love
1964;7;The Premiers;Farmer John
1964;8;Irma Thomas;Wish Someone Would Care
1964;9;O.V. Wright with The Keys;That's How Strong My Love Is
1964;10;Marianne Faithfull;As Tears Go By
1964;11;Stan Getz & Astrud Gilberto;The Girl From Ipanema
1964;12;The Holy Modal Rounders;Hesitation Blues
1964;13;Millie;My Boy Lollipop
1964;14;The Supremes;Where Did Our Love Go
1964;15;Otis Redding;Mr. Pitiful
1964;16;Die Sputniks;Sputnik-Thema
1964;17;Drafi Deutscher And His Magics;Shake Hands
1964;18;The Drifters;Under The Boardwalk
1964;19;Horace Silver;Song For My Father
1964;20;The Four Tops;Baby I Need Your Loving
1965;1;The Impressions;People Get Ready
1965;2;Frank Wilson;Do I Love You (Indeed I Do)
1965;3;The Lovin' Spoonful;Do You Believe In Magic
1965;4;The Byrds;I'll Feel A Whole Lot Better
1965;5;The Skatalites;Knock Out Punch
1965;6;Sir Douglas Quintet;She's About A Mover
1965;7;O.V. Wright;Everybody Knows (The River Song)
1965;8;Roger Miller;King Of The Road
1965;9;Nara Leão;Carcará
1965;10;Petula Clark;Call Me
1965;11;The Four Tops;It's The Same Old Song
1965;12;The Brogues;I Ain't No Miracle Worker
1965;13;Wilson Pickett;In The Midnight Hour
1965;14;Small Faces;Whatcha Gonna Do About It
1965;15;Knut Kiesewetter;Glaub' doch nicht, ich lauf' dir hinterher
1965;16;Fontella Bass;Rescue Me
1965;17;The Miracles;The Tracks Of My Tears
1965;18;Jackson C. Frank;Blues Run The Game
1965;19;Astrud Gilberto;Água de beber
1965;20;Betty LaVette;Let Me Down Easy
1966;1;Peter-Thomas-Sound-Orchester;The Space Patrol's Return
1966;2;The Association;Along Comes Mary
1966;3;The Isley Brothers;This Old Heart Of Mine (Is Weak For You)
1966;4;Rod Stewart & P.P. Arnold;Come Home Baby
1966;5;The Beach Boys;God Only Knows
1966;6;The Byrds;Eight Miles High
1966;7;The Yardbirds;Over Under Sideways Down
1966;8;Tim Hardin;Reason To Believe
1966;9;Merle Haggard And The Strangers;I'm A Lonesome Fugitive
1966;10;Jimmy Ruffin;What Becomes Of The Brokenhearted
1966;11;The Walker Brothers;The Sun Ain't Gonna Shine Anymore
1966;12;Bobby Hebb;Sunny
1966;13;The Seeds;Pushin' Too Hard
1966;14;Loretta Lynn;Don't Come Home A' Drinkin' (With Lovin' On Your Mind)
1966;15;Percy Sledge;Warm And Tender Love
1966;16;The Mamas & The Papas;I Saw Her Again
1966;17;The Thirteenth Floor Elevators;You're Gonna Miss Me
1966;18;Love;7 & 7 Is
1966;19;Otis Redding;Try A Little Tenderness
1966;20;John Mayall & The Bluesbreakers with Eric Clapton;Ramblin' On My Mind
1967;1;Kaleidoscope;Kaleidoscope
1967;2;Small Faces;Here Come The Nice
1967;3;Aretha Franklin;Respect
1967;4;Jackie Wilson;(Your Love Keeps Lifting Me) Higher And Higher
1967;5;The Electric Prunes;The Great Banana Hoax
1967;6;Miriam Makeba;Pata Pata
1967;7;Jefferson Handkerchief;I'm Allergic To Flowers
1967;8;Thomas Natschinski und seine Gruppe;Mokka-Milch-Eisbar
1967;9;The Impressions;We're A Winner
1967;10;Donovan;Wear Your Love Like Heaven
1967;11;Tim Buckley;Morning Glory
1967;12;Phyllis Dillon;Don't Stay Away
1967;13;Buffalo Springfield;For What It's Worth
1967;14;Antonio Carlos Jobim;Wave
1967;15;Toussaint McCall;Nothing Takes The Place Of You
1967;16;Jefferson Airplane;White Rabbit
1967;17;James Brown;Bring It Up (Hipster's Avenue)
1967;18;John's Children;Desdemona
1967;19;The Velvet Underground;Venus In Furs
1967;20;Fred Neil;Everybody's Talkin'
1968;1;Jerry Butler;Only The Strong Survive
1968;2;The Byrds;Wasn't Born To Follow
1968;3;Van Morrison;The Way Young Lovers Do
1968;4;Hildegard Knef;Nichts haut mich um
1968;5;Dusty Springfield;Son-Of-A Preacher Man
1968;6;The Band;This Wheel's On Fire
1968;7;Blue Cheer;Second Time Around
1968;8;Fleetwood Mac;Black Magic Woman
1968;9;Tammy Wynette;Stand By Your Man
1968;10;Townes Van Zandt;Waiting Around To Die
1968;11;Randy Newman;I Think It's Going To Rain Today
1968;12;Johnny Cash;Folsom Prison Blues
1968;13;Marcos Valle;Crickets Sing For Anamaria
1968;14;The Staple Singers;Long Walk To D.C.
1968;15;Aretha Franklin;I Say A Little Prayer
1968;16;Love;Alone Again Or
1968;17;Desmond Dekker And The Aces;Israelites
1968;18;Caetano Veloso;Alegria, Alegria
1968;19;James Brown;Cold Sweat
1968;20;Dorothy Love Coates;Strange Man
1969;1;Canned Heat;Change My Ways
1969;2;Erma Franklin;Light My Fire
1969;3;The Temptations;I Can't Get Next To You
1969;4;Jimmy Cliff;Vietnam
1969;5;The Band;Whispering Pines
1969;6;Gal Costa;Tuareg
1969;7;Theo Schumann Combo;Derby
1969;8;The Delfonics;Ready Or Not Here I Come (Can't Hide From Love)
1969;9;Taj Mahal;Take A Giant Step
1969;10;John Lee Hooker;I Don't Wanna Go To Vietnam
1969;11;Fairport Convention;Who Knows Where The Time Goes?
1969;12;Archie Bell & The Drells;(There's Gonna Be A) Showdown
1969;13;Jackson 5;I Want You Back
1969;14;The Melodians;Rivers Of Babylon
1969;15;Dick Hyman;Give It Up Or Turn It Loose
1969;16;The Stooges;I Wanna Be Your Dog
1969;17;The Velvet Underground;Pale Blue Eyes
1969;18;Jane Birkin avec Serge Gainsbourg;Je t'aime... moi non plus
1969;19;Elvis Presley;Long Black Limousine
1969;20;Clarence Carter;Making Love (At The Dark End Of The Street)
1970;1;Spinners;It's A Shame
1970;2;Van Morrison;Moondance
1970;3;Vicki Anderson;The Message From The Soul Sisters
1970;4;The Velvet Underground;Sweet Jane
1970;5;The Allman Brothers Band;Midnight Rider
1970;6;O.V. Wright;Ace Of Spade
1970;7;Canned Heat;Let's Work Together
1970;8;Blood, Sweat & Tears;Fire And Rain
1970;9;Bob Marley And The Wailers;Duppy Conqueror
1970;10;Free;All Right Now
1970;11;Norman Greenbaum;Spirit In The Sky
1970;12;Michael Holm;Barfuß im Regen
1970;13;MC5;Looking At You
1970;14;Poco;You Better Think Twice
1970;15;Ivan Lins;Madalena
1970;16;Loretta Lynn;Coal Miner's Daughter
1970;17;Rod Stewart;Gasoline Alley
1970;18;James Brown;Sex Machine
1970;19;It's A Beautiful Day;The Dolphins
1970;20;Scott Walker;The War Is Over (Epilogue)
1971;1;Gene Clark;With Tomorrow
1971;2;Bob Dylan;George Jackson (Big Band Version)
1971;3;Marvin Gaye;Inner City Blues (Make Me Wanna Holler)
1971;4;Rory Gallagher;I'm Not Awake Yet
1971;5;Jean Knight;Mr. Big Stuff
1971;6;Chico Buarque;Cotidiano
1971;7;Burt Bacharach;Hasbrook Heights
1971;8;Cat Stevens;Peace Train
1971;9;Witthüser & Westrupp;Nimm einen Joint, mein Freund
1971;10;The Allman Brothers Band;Hot 'Lanta (Live)
1971;11;Edgar Broughton Band;Evening Over Rooftops
1971;12;Soft Machine;Kings And Queens
1971;13;Bill Withers;Ain't No Sunshine
1971;14;Peter Tosh;Here Comes The Judge
1971;15;Johnny Cash;Man In Black
1971;16;Isaac Hayes;"Theme From ""Shaft"""
1971;17;Sly & The Family Stone;Family Affair
1971;18;The Groundhogs;Split (Pt. 1)
1971;19;The Incredible String Band;Dear Old Battlefield
1971;20;Swamp Dogg;God Bless America, For What
1972;1;Bread;Everything I Own
1972;2;Bobby Womack & Peace;Across 110th Street
1972;3;The Undisputed Truth;Papa Was A Rollin' Stone
1972;4;Krug;Komm und spiel mit mir
1972;5;Lou Reed;Satellite Of Love
1972;6;Mott The Hoople;All The Young Dudes
1972;7;Alice Cooper;School's Out
1972;8;Bob Marley And The Wailers;Sun Is Shining
1972;9;The O'Jays;Back Stabbers
1972;10;Elton John;Rocket Man (I Think It's Going To Be A Long Long Time)
1972;11;Billy Paul;Me And Mrs. Jones
1972;12;Bonnie Raitt;Nothing Seems To Matter
1972;13;Little Feat;Willin'
1972;14;Mary Roos;Morgens um fünf
1972;15;Terry Callier;Ordinary Joe
1972;16;J.J. Cale;Call Me The Breeze
1972;17;John Prine;Yes I Guess They Oughta Name A Drink After You
1972;18;Joe Gibbs & The Professionals;Money In My Pocket
1972;19;Timmy Thomas;Why Can't We Live Together
1972;20;Hawkwind;Silver Machine
1973;1;Eric Weissberg & Steve Mandell;Dueling Banjos
1973;2;Brownsville Station;Smokin' In The Boys Room
1973;3;Earth, Wind & Fire;Evil
1973;4;Elton John;Daniel
1973;5;Gladys Knight & The Pips;Midnight Train To Georgia
1973;6;Toots And The Maytals;Funky Kingston
1973;7;Neu!;Super
1973;8;New York Dolls;Looking For A Kiss
1973;9;T. Rex;Shock Rock
1973;10;Mott The Hoople;All The Way From Memphis
1973;11;Ellen McIlwaine;Jimmy Jean
1973;12;Cymande;Willie's Headache
1973;13;Faces;Glad And Sorry
1973;14;Kevin Coyne;Eastbourne Ladies
1973;15;Otto;Tip Toe Through The Tulips
1973;16;John Fahey;Hawaiian Two-Step
1973;17;Ann Peebles;I'm Gonna Tear Your Playhouse Down
1973;18;Marvin Gaye;Where Are We Going?
1973;19;Michael Nesmith;Prairie Lullaby
1973;20;Roxy Music;In Every Dream Home A Heartache
1974;1;"Bobby ""Blue"" Bland";Ain't No Love In The Heart Of The City
1974;2;Dolly Parton;Jolene
1974;3;Eric Clapton;I Shot The Sheriff
1974;4;Bachman-Turner Overdrive;You Ain't Seen Nothin' Yet
1974;5;Udo Lindenberg & das Panik-Orchester;Ich bin von Kopf bis Fuß auf Liebe eingestellt
1974;6;Electric Light Orchestra;Can't Get It Out Of My Head
1974;7;David Allan Coe;Would You Lay With Me (In A Field Of Stone)
1974;8;The Meters;Africa
1974;9;Gil Scott-Heron / Brian Jackson;The Bottle
1974;10;Harmonia;Dino
1974;11;The Sweet;Fox On The Run
1974;12;Sparks;This Town Ain't Big Enough For Both Of Us
1974;13;Nina Hagen & Automobil;Du hast den Farbfilm vergessen
1974;14;Shuggie Otis;Aht Uh Mi Hed
1974;15;Tangerine Dream;Sequent C'
1974;16;Tom Waits;(Looking For) The Heart Of Saturday Night
1974;17;Daryl Hall & John Oates;She's Gone
1974;18;William DeVaughn;Be Thankful For What You Got
1974;19;Gene Clark;No Other
1974;20;Gram Parsons;In My Hour Of Darkness
1975;1;The Rance Allen Group;The Painter
1975;2;Chris Spedding;Motor Bikin'
1975;3;Al Green;L-O-V-E (Love)
1975;4;Ton Steine Scherben;Wenn die Nacht am tiefsten...
1975;5;Pete Wingfield;Eighteen With A Bullet
1975;6;Clara Nunes;A deusa dos orixás
1975;7;Roxy Music;Love Is The Drug
1975;8;Juliane Werding;Wenn du denkst du denkst dann denkst du nur du denkst
1975;9;Burning Spear;Marcus Garvey
1975;10;Mahmoud Ahmed;Ere mela mela / Meche neu
1975;11;Richard & Linda Thompson;Dimming Of The Day / Dargai
1975;12;Charles Williams;Standing In The Way
1975;13;Van McCoy & The Soul City Symphony;The Hustle
1975;14;Lynyrd Skynyrd;Saturday Night Special
1975;15;Bonnie Raitt;What Do You Want The Boy To Do?
1975;16;Brinsley Schwarz;There's A Cloud In My Heart
1975;17;Patti Smith;Gloria
1975;18;Status Quo;Down, Down
1975;19;Joy Fleming;Ein Lied kann eine Brücke sein
1975;20;Curtis Mayfield;Hard Times
1976;1;Boz Scaggs;Lowdown
1976;2;Blondie;X Offender
1976;3;Quantum Jump;The Lone Ranger
1976;4;Boston;More Than A Feeling
1976;5;J.J. Cale;Cocaine
1976;6;Kate & Anna McGarrigle;Kiss And Say Goodbye
1976;7;Junior Murvin;Police & Thieves
1976;8;Jonathan Richman & The Modern Lovers;Pablo Picasso
1976;9;Johnny Guitar Watson;Superman Lover
1976;10;Roy Ayers;Everybody Loves The Sunshine
1976;11;Kiss;Beth
1976;12;Genesis;Mad Man Moon
1976;13;Ramones;I Wanna Be Your Boyfriend
1976;14;The Damned;New Rose
1976;15;Jorge Ben;Taj Mahal
1976;16;Blue Öyster Cult;(Don't Fear) The Reaper
1976;17;Max Romeo & The Upsetters;Chase The Devil
1976;18;Lou Reed;Charley's Girl
1976;19;The Wild Tchoupitoulas;Hey Hey (Indians Comin')
1976;20;Laura Nyro;Sexy Mama
1977;1;Elvis Costello;(The Angels Wanna Wear My) Red Shoes
1977;2;Richard Hell & The Voidoids;Blank Generation
1977;3;Eugene Record;Overdose Of Joy
1977;4;Cheap Trick;I Want You To Want Me
1977;5;Donna Summer;I Feel Love
1977;6;The Congos;Solid Foundation
1977;7;Jimmy Buffett;Margaritaville
1977;8;Michael Franks;The Lady Wants To Know
1977;9;Nara Leão & Caetano Veloso;Odara
1977;10;Earth, Wind & Fire;Jupiter
1977;11;Weather Report;Birdland
1977;12;Parliament;Flash Light
1977;13;Althia & Donna;Up Town Top Ranking
1977;14;James Taylor;Bartender's Blues
1977;15;The Adverts;Gary Gilmore's Eyes
1977;16;Devo;Mongoloid
1977;17;Can;Sunshine Day And Night
1977;18;Al Green;Loving You
1977;19;Television;Friction
1977;20;Commodores;Easy
1978;1;Wire;Outdoor Miner
1978;2;Chic;I Want Your Love
1978;3;The Jam;Down In The Tube Station At Midnight
1978;4;Blondie;Denis
1978;5;Gloria Gaynor;This Love Affair
1978;6;The Only Ones;Another Girl, Another Planet
1978;7;The Normal;Warm Leatherette
1978;8;Max Berlin;Elle et moi
1978;9;Rose Royce;Love Don't Live Here Anymore
1978;10;Alcione;Sufôco
1978;11;Nina Hagen Band;Unbeschreiblich weiblich
1978;12;Ramones;I Wanna Be Sedated
1978;13;Lew Kirton;Heaven In The Afternoon
1978;14;Linda Clifford;You Are, You Are
1978;15;Sweet Talks;Angelina
1978;16;X-Ray Spex;Identity
1978;17;Buzzcocks;Ever Fallen In Love... (With Someone You Shouldn't've)?
1978;18;Patti Smith Group;Because The Night
1978;19;Warren Zevon;Accidentally Like A Martyr
1978;20;Marvin Gaye;Everybody Needs Love
1979;1;Marianne Faithfull;Broken English
1979;2;Buggles;Video Killed The Radio Star
1979;3;The Clash;Spanish Bombs
1979;4;Sugarhill Gang;Rapper's Delight
1979;5;Sister Sledge;Thinking Of You
1979;6;The Roches;We
1979;7;Rickie Lee Jones;Chuck E.'s In Love
1979;8;Frank Zappa;Bobby Brown
1979;9;Tubeway Army;Are 'Friends' Electric?
1979;10;The Flying Lizards;Money
1979;11;The Human League;Zero As A Limit
1979;12;Joe Jackson;Is She Really Going Out With Him?
1979;13;Serge Gainsbourg;Daisy Temple
1979;14;Godley & Creme;An Englishman In New York
1979;15;The Ruts;Babylon's Burning
1979;16;Die Fehlfarben;Abenteuer + Freiheit
1979;17;The Specials;A Message To You Rudy
1979;18;XTC;Making Plans For Nigel
1979;19;Bobby Womack;How Could You Break My Heart
1979;20;Randy Newman;The Girls In My Life (Pt. 1)
1980;1;Robert Palmer;Johnny And Mary
1980;2;Elvis Costello And The Attractions;I Can't Stand Up For Falling Down
1980;3;Diana Ross;I'm Coming Out
1980;4;The Jam;That's Entertainment
1980;5;Joy Division;Love Will Tear Us Apart
1980;6;Devo;Whip It
1980;7;Dexys Midnight Runners;Geno
1980;8;Linton Kwesi Johnson;Inglan Is A Bitch
1980;9;Taana Gardner;Heartbeat
1980;10;Der Plan;Da vorne steht 'ne Ampel
1980;11;Fehlfarben;Hier und jetzt
1980;12;The Cure;A Forest
1980;13;George Jones;He Stopped Loving Her Today
1980;14;Adoniran Barbosa com Elis Regina;Tiro ao Álvaro
1980;15;The Pretenders;Brass In Pocket
1980;16;Change;The Glow Of Love
1980;17;The Teardrop Explodes;Treason (It's Just A Story)
1980;18;Abwärts;Computerstaat
1980;19;The Beat;Mirror In The Bathroom
1980;20;Tom Waits;Jersey Girl
1981;1;The Lounge Lizards;Harlem Nocturne
1981;2;Stray Cats;Stray Cat Strut
1981;3;Squeeze;Is That Love
1981;4;Paolo Conte;Via con me
1981;5;The Specials;Ghost Town
1981;6;Grace Jones;I've Seen That Face Before (Libertango)
1981;7;The Stranglers;Golden Brown
1981;8;Bob Dylan;Every Grain Of Sand
1981;9;Heinz Rudolf Kunze;Wir leben alle im Erdgeschoss
1981;10;Funky 4 + 1;That's The Joint
1981;11;Luther Vandross;Never Too Much
1981;12;Die Doraus & die Marinas;Fred vom Jupiter
1981;13;Rick James;Super Freak
1981;14;Iggy Pop;Pumpin' For Jill
1981;15;The Psychedelic Furs;Pretty In Pink
1981;16;Duran Duran;Girls On Film
1981;17;Ideal;Erschießen
1981;18;Siouxsie & The Banshees;Arabian Knights
1981;19;Madness;It Must Be Love
1981;20;Japan;Ghosts
1982;1;Haircut One Hundred;Fantastic Day
1982;2;ABC;Poison Arrow
1982;3;The Gun Club;The Fire Of Love
1982;4;Sugarhill Gang;The Lover In You
1982;5;Gregory Isaacs;Night Nurse
1982;6;Gang Of Four;I Love A Man In A Uniform
1982;7;Die Toten Hosen;Reisefieber
1982;8;Grandmaster Flash & The Furious Five feat. Melle Mel & Duke Bootee;The Message
1982;9;Orchestra Baobab;Coumba
1982;10;Willie Nelson;Always On My Mind
1982;11;Odyssey;Inside Out
1982;12;Heaven 17;Let Me Go!
1982;13;Deutsch Amerikanische Freundschaft (DAF);Kebabträume
1982;14;Keni Burke;Risin' To The Top
1982;15;Afrika Bambaataa & The Soul Sonic Force;Planet Rock
1982;16;Wall Of Voodoo;Mexican Radio
1982;17;Sun Ra Arkestra;Nuclear War
1982;18;Soft Cell;What!
1982;19;King Sunny Ade;Ja funmi
1982;20;John Cale;Close Watch
1983;1;Violent Femmes;Blister In The Sun
1983;2;Nena;99 Luftballons
1983;3;Depeche Mode;Everything Counts
1983;4;New Order;Blue Monday
1983;5;The Style Council;Speak Like A Child
1983;6;Udo Lindenberg;Sonderzug nach Pankow
1983;7;Billy Idol;Rebel Yell
1983;8;Lou Reed;Legendary Hearts
1983;9;The Pale Fountains;Palm Of My Hand
1983;10;The Smiths;This Charming Man
1983;11;Die Ärzte;Grace Kelly
1983;12;Billy Bragg;A New England
1983;13;Prince;1999
1983;14;Mary Jane Girls;All Night Long
1983;15;Stevie Ray Vaughan;Mary Had A Little Lamb
1983;16;Meat Puppets;Lake Of Fire
1983;17;Marshall Crenshaw;Whenever You're On My Mind
1983;18;Die Zimmermänner;Anja
1983;19;Aztec Camera;Walk Out To Winter
1983;20;Spandau Ballet;Gold
1984;1;The Style Council;Shout To The Top!
1984;2;Talk Talk;Such A Shame
1984;3;Echo & The Bunnymen;The Killing Moon
1984;4;Frankie Goes To Hollywood;The Power Of Love
1984;5;Lou Reed;I Love You, Suzanne
1984;6;Aztec Camera;Still On Fire
1984;7;Gilberto Gil;Quilombo, o el dorado negro
1984;8;Commodores;Nightshift
1984;9;Leonard Cohen;Dance Me To The End Of Love
1984;10;Los Lobos;Will The Wolf Survive?
1984;11;Lloyd Cole & The Commotions;Rattlesnakes
1984;12;Die Ärzte;Zu spät
1984;13;The Special AKA;Nelson Mandela
1984;14;Barrington Levy;Here I Come
1984;15;Dennis Edwards;Don't Look Any Further
1984;16;Paolo Conte;Sparring Partner
1984;17;Merle Haggard;To All The Girls I've Loved Before
1984;18;Alphaville;Forever Young
1984;19;Prefab Sprout;When Love Breaks Down
1984;20;Foreigner;I Want To Know What Love Is
1985;1;Bryan Ferry;Slave To Love
1985;2;The Smiths;How Soon Is Now?
1985;3;Depeche Mode;Shake The Disease
1985;4;Sheila E.;A Love Bizarre
1985;5;Run DMC;King Of Rock
1985;6;Green On Red;Hair Of The Dog
1985;7;Pete Townshend;Give Blood
1985;8;The Jesus And Mary Chain;Just Like Honey
1985;9;Isley Jasper Isley;Caravan Of Love
1985;10;Suzanne Vega;Marlene On The Wall
1985;11;Scritti Politti;Absolute
1985;12;Tears For Fears;Everybody Wants To Rule The World
1985;13;a-ha;Take On Me
1985;14;B.A.D. (Big Audio Dynamite);E = MC²
1985;15;The Jazz Butcher;Holiday
1985;16;The Pogues;A Pair Of Brown Eyes
1985;17;Simply Red;Holding Back The Years
1985;18;Loose Ends;Hangin' On A String
1985;19;Lloyd Cole & The Commotions;Lost Weekend
1985;20;George Strait;The Chair
1986;1;The Stranglers;Always The Sun
1986;2;Prince & The Revolution;Kiss
1986;3;Run DMC;Walk This Way
1986;4;Timbuk 3;The Future's So Bright I Gotta Wear Shades
1986;5;Nick Cave & The Bad Seeds;Something's Gotten Hold Of My Heart
1986;6;The Smiths;There Is A Light That Never Goes Out
1986;7;Stan Ridgway;Camouflage
1986;8;Bananarama;Venus
1986;9;Cameo;Word Up!
1986;10;Talk Talk;Life's What You Make It
1986;11;New Order;Bizarre Love Triangle
1986;12;Rio Reiser;Junimond
1986;13;Anita Baker;Sweet Love
1986;14;Jan Hammer;Crockett's Theme
1986;15;Bangles;Manic Monday
1986;16;Erasure;Sometimes
1986;17;XTC;Dear God
1986;18;The Fall;Hey! Luciani
1986;19;Julian Cope;World Shut Your Mouth
1986;20;Depeche Mode;Stripped
1987;1;They Might Be Giants;Don't Let's Start
1987;2;Hüsker Dü;Could You Be The One?
1987;3;Pet Shop Boys;It's A Sin
1987;4;Mory Kante;Yé ké yé ké
1987;5;Salt-N-Pepa;Push It
1987;6;LL Cool J;I Need Love
1987;7;David Sylvian;Orpheus
1987;8;The Sisters Of Mercy;This Corrosion
1987;9;Warren Zevon;Boom Boom Mancini
1987;10;Red Hot Chili Peppers;Behind The Sun
1987;11;The Smiths;Girlfriend In A Coma
1987;12;Nanci Griffith;Lone Star State Of Mind
1987;13;Sonic Youth;Schizophrenia
1987;14;Rhythim Is Rhythim;Strings Of Life
1987;15;Eric B. & Rakim;Paid In Full
1987;16;Bomb The Bass;Beat Dis
1987;17;The Replacements;Alex Chilton
1987;18;The Wedding Present;My Favourite Dress
1987;19;INXS;Mystify
1987;20;The Pogues feat. Kirsty MacColl;Fairytale Of New York
1988;1;The La's;There She Goes
1988;2;Prefab Sprout;The King Of Rock 'n' Roll
1988;3;EPMD;Strictly Business
1988;4;The Primitives;Crash
1988;5;Ofra Haza;Im nin' alu
1988;6;Gregory Isaacs;Rumours
1988;7;Stetsasonic;Talkin' All That Jazz
1988;8;Joyce Sims;Come Into My Life
1988;9;WestBam;Disco Deutschland
1988;10;D-Mob feat. Gary Haisman;We Call It Acieed
1988;11;Die Ärzte;Westerland
1988;12;The Church;Under The Milky Way
1988;13;Los Lobos;La pistola y el corazón
1988;14;Slick Rick;Children's Story
1988;15;Public Enemy;Don't Believe The Hype
1988;16;The Go-Betweens;Streets Of Your Town
1988;17;Womack & Womack;Celebrate The World
1988;18;Bobby Brown;My Prerogative
1988;19;Leonard Cohen;Ain't No Cure For Love
1988;20;Michelle Shocked;When I Grow Up
1989;1;Adeva;I Thank You
1989;2;De La Soul;Me Myself And I
1989;3;Happy Mondays;Hallelujah
1989;4;The Pastels;Anne Boleyn
1989;5;The Neville Brothers;Yellow Moon
1989;6;Fine Young Cannibals;I'm Not The Man I Used To Be
1989;7;Rocko Schamoni;Sex, Musik und Prügeleien
1989;8;Stephan Eicher;Rien à voir
1989;9;Pixies;Debaser
1989;10;Neneh Cherry;Manchild
1989;11;Mano Negra;King Kong Five
1989;12;N.W.A.;Gangsta Gangsta
1989;13;Soul II Soul;Back To Life (However Do You Want Me)
1989;14;Frankie Knuckles Presents Satoshi Tomiie feat. Robert Owens;Tears
1989;15;Ziggy Marley And The Melody Makers;One Bright Day
1989;16;Dinosaur Jr.;Just Like Heaven
1989;17;Queen Latifah feat. Monie Love;Ladies First
1989;18;Laurie Anderson;Strange Angels
1989;19;Remmy Ongala with Orchestre Super Matimila;Kipenda Roho
1989;20;F.S.K.;"""M"" wie München"
1990;1;Iggy Pop;Candy
1990;2;Brian Eno / John Cale;Spinning Away
1990;3;Nick Cave & The Bad Seeds;The Weeping Song
1990;4;Sinéad O'Connor;Nothing Compares 2 U
1990;5;Adamski;Killer
1990;6;EMF;Unbelievable
1990;7;Depeche Mode;Enjoy The Silence
1990;8;Was (Not Was);Elvis' Rolls Royce
1990;9;Kid Frost;La raza
1990;10;The Neville Brothers;Sons And Daughters
1990;11;Nusrat Fateh Ali Khan;Mustt Mustt (Massive Attack Remix)
1990;12;"Lee ""Scratch"" Perry";Seven Devils Dead
1990;13;Yo La Tengo;What Can I Say
1990;14;Alice In Chains;I Can't Remember
1990;15;Primal Scream;Loaded
1990;16;Happy Mondays;Step On
1990;17;Deee-Lite;Groove Is In The Heart
1990;18;Monie Love feat. True Image;It's A Shame (My Sister)
1990;19;Jane's Addiction;Been Caught Stealing
1990;20;Cowboy Junkies;Sun Comes Up, It's Tuesday Morning
1991;1;Crystal Waters;Gypsy Woman (La Da Dee La Da Da)
1991;2;Saint Etienne;Only Love Can Break Your Heart
1991;3;Element Of Crime;Blaulicht und Zwielicht
1991;4;Matthew Sweet;Girlfriend
1991;5;Soundgarden;Outshined
1991;6;Beat Happening;Me Untamed
1991;7;Teenage Fanclub;Star Sign
1991;8;The Farm;All Together Now
1991;9;Salt-N-Pepa;Let's Talk About Sex!
1991;10;Moby;Go
1991;11;DJ Jazzy Jeff & The Fresh Prince;Summertime
1991;12;Gang Starr;Lovesick
1991;13;Incognito feat. Jocelyn Brown;Always There
1991;14;Ce Ce Peniston;Finally
1991;15;Material;E-Pluribus-Unum
1991;16;Ice-T;O.G. Original Gangster
1991;17;Die Lassie Singers;Falsche Gedanken
1991;18;Superchunk;Tower
1991;19;Pixies;Alec Eiffel
1991;20;Marc Cohn;Walking In Memphis
1992;1;The Lemonheads;It's A Shame About Ray
1992;2;Manic Street Preachers;Motorcycle Emptiness
1992;3;Stereo MC's;Connected
1992;4;Kid Frost;These Stories Have To Be Told
1992;5;Michelle Shocked;Come A Long Way
1992;6;R.E.M.;Drive
1992;7;PJ Harvey;Sheela-Na-Gig
1992;8;Leonard Cohen;The Future
1992;9;Morrissey;We Hate It When Our Friends Become Successful
1992;10;Unrest;June
1992;11;Snap!;Rhythm Is A Dancer
1992;12;Pressure Drop;You're Mine
1992;13;Dr. Dre feat. Snoop Doggy Dogg;"Nuthin' But A ""G"" Thang"
1992;14;Cpt. Kirk &.;Geldunter
1992;15;Baaba Maal;Daande Lenol
1992;16;Eric Clapton;Tears In Heaven
1992;17;Loudon Wainwright III;Hitting You
1992;18;Suzanne Vega;99.9 F°
1992;19;INXS;Beautiful Girl
1992;20;Ice Cube;It Was A Good Day
1993;1;Shaggy;Oh Carolina
1993;2;Uncle Tupelo;Give Back The Key To My Heart
1993;3;Aimee Mann;I Should've Known
1993;4;Naughty By Nature;Hip Hop Hooray
1993;5;New Order;Regret
1993;6;Zhané;Hey Mr. D.J.
1993;7;The Beloved;Sweet Harmony
1993;8;LTJ Bukem & Peshay;19.5
1993;9;Helge Schneider & Hardcore;Vibrationboogie
1993;10;Gilberto Gil & Caetano Veloso;Nossa gente
1993;11;Marius No. 1 & Cora E.;Könnt ihr mich hör'n?
1993;12;Guru feat. Donald Byrd;Loungin'
1993;13;Kruder & Dorfmeister;Deep Shit Pt. 1 & 2
1993;14;Maria Bethânia;Emoções
1993;15;Bernd Begemann;Hitler - menschlich gesehen
1993;16;Urge Overkill;Tequila Sundae
1993;17;The Melvins;Joan Of Arc
1993;18;Digable Planets;Nickel Bags
1993;19;Sonic Youth & Cypress Hill;I Love You Mary Jane
1993;20;Gavin Bryars with Tom Waits;Jesus' Blood Never Failed Me Yet
1994;1;The High Llamas;Checking In, Checking Out
1994;2;Beck;Loser
1994;3;Andreas Dorau;Das Telefon sagt du
1994;4;Tori Amos;Cornflake Girl
1994;5;Pavement;Cut Your Hair
1994;6;Warren G & Nate Dogg;Regulate
1994;7;Asian Dub Foundation;Jericho
1994;8;Paul van Dyk;For An Angel
1994;9;Suede;Stay Together
1994;10;Soundgarden;Black Hole Sun
1994;11;Ween;What Deaner Was Talkin' About
1994;12;Youssou N'Dour & Neneh Cherry;7 Seconds
1994;13;Ini Kamoze;Here Comes The Hotstepper
1994;14;Fugees (Tranzlator Crew);Vocab
1994;15;Outkast;Player's Ball
1994;16;The Dust Brothers;My Mercury Mouth
1994;17;Marmion;Schöneberg
1994;18;The Lightning Seeds;Perfect
1994;19;Jeff Buckley;Grace
1994;20;Tricky;Ponderosa
1995;1;Garbage;Only Happy When It Rains
1995;2;Die Fantastischen Vier;Sie ist weg
1995;3;Fugees;Fu-Gee-La
1995;4;Goldie;Inner City Life
1995;5;Everything But The Girl;Missing (Todd Terry Remix)
1995;6;Mighty Dub Kats;Magic Carpet Ride
1995;7;The Boo Radleys;Wake Up Boo!
1995;8;Tocotronic;Drüben auf dem Hügel
1995;9;Tortoise;Gamera
1995;10;Lambchop;Cowboy On The Moon
1995;11;Coolio feat. L.V.;Gangsta's Paradise
1995;12;The Mike Flowers Pops;Wonderwall
1995;13;Pulp;Common People
1995;14;Rockers Hi-Fi;Push Push
1995;15;Ben Folds Five;Underground
1995;16;Der Tobi & Das Bo;Der Racka
1995;17;Montell Jordan;This Is How We Do It
1995;18;Felix Da Housecat;Thee Dawn
1995;19;Whirlpool Productions;It Happened Last Night
1995;20;Ja König Ja;Die Stadt im Sommer
1996;1;Nuyorican Soul feat. Jocelyn Brown;I Am The Black Gold Of The Sun
1996;2;2 Pac feat. Dr. Dre & Roger Troutman;California Love
1996;3;Backstreet Boys;Quit Playing Games (With My Heart)
1996;4;Mark Morrison;Return Of The Mack
1996;5;Baddiel & Skinner & Lightning Seeds;Three Lions
1996;6;Die Lassie Singers;Liebe wird oft überbewertet
1996;7;Belle And Sebastian;Judy And The Dream Of Horses
1996;8;Bim Sherman;Solid As A Rock
1996;9;Khaled;Aïcha
1996;10;Trans Am;Firepoker
1996;11;Fun Lovin' Criminals;Scooby Snacks
1996;12;Busta Rhymes feat. Rampage The Last Boy Scout;Woo-Hah!! Got You All In Check
1996;13;Nick Cave & The Bad Seeds + Kylie Minogue;Where The Wild Roses Grow
1996;14;Nusrat Fateh Ali Khan;Lament
1996;15;Superdiscount;Prix choc
1996;16;Ash;Girl From Mars
1996;17;The Auteurs;Light Aircraft On Fire
1996;18;Lush;Single Girl
1996;19;Beck;Where It's At
1996;20;Tortoise;Djed (Edit)
1997;1;Cornershop;Brimful Of Asha
1997;2;Oasis;Stand By Me
1997;3;Finley Quaye;Your Love Gets Sweeter
1997;4;Spice 1;Playa Man
1997;5;Stereolab;Miss Modular
1997;6;Pulp;Help The Aged
1997;7;Smog;Blood Red Bird
1997;8;Ultra Naté;Free
1997;9;Merricks;Sternzeichen Jungfrau
1997;10;DJ Shadow;High Noon
1997;11;The Chemical Brothers;Block Rockin' Beats
1997;12;LL Cool J;Phenomenon
1997;13;Freundeskreis;Leg dein Ohr auf die Schiene der Geschichte
1997;14;Fountains Of Wayne;Sink To The Bottom
1997;15;Yo La Tengo;Sugarcube
1997;16;Ladies Love Knarf Rellöm;Autobiographie einer Heizung
1997;17;Erykah Badu;On & On
1997;18;Wu-Tang Clan feat. Cappadonna;Triumph
1997;19;'N Sync;The Lion Sleeps Tonight
1997;20;Prefab Sprout;The Fifth Horseman
1998;1;Hole;Celebrity Skin
1998;2;Absolute Beginner;Hammerhart
1998;3;Manic Street Preachers;If You Tolerate This Your Children Will Be Next
1998;4;Moloko;Sing It Back
1998;5;Air;Kelly Watch The Stars
1998;6;Belle & Sebastian;Sleep The Clock Around
1998;7;The Mavericks;La mucara
1998;8;Beck;Tropicalia
1998;9;Timbaland feat. Nas & Static;To My
1998;10;DJ Hell;Copa
1998;11;Lucinda Williams;Car Wheels On A Gravel Road
1998;12;Stephen Duffy & The Lilac Time;The Deal
1998;13;Vusi Mahlasela;Silang Mabele
1998;14;Gillian Welch;My Morphine
1998;15;Sean Lennon;Into The Sun
1998;16;Cornelius;Star Fruits Surf Rider
1998;17;Ian Pooley;What's Your Number (Jazzanova Renumber)
1998;18;Fatboy Slim;The Rockafeller Skank
1998;19;Gang Starr;You Know My Steez
1998;20;R. Kelly;If I Could Turn Back The Hands Of Time
1999;1;The Flaming Lips;Race For The Prize
1999;2;Kelis;Caught Out There
1999;3;Echt;Du trägst keine Liebe in dir
1999;4;Mercury Rev;Goddess On A Hiway
1999;5;TLC;No Scrubs
1999;6;Mo' Horizons;Foto viva
1999;7;Moby;Why Does My Heart Feel So Bad?
1999;8;Bloodhound Gang;The Ballad Of Chasey Lain
1999;9;Artful Dodger;Re-Rewind (The Crowd Say Boo Selecta)
1999;10;Femi Kuti;Beng Beng Beng
1999;11;Blumfeld;The Lord Of Song
1999;12;Gorky's Zygotic Mynci;Spanish Dance Troupe
1999;13;Wilco;Summer Teeth
1999;14;Fatboy Slim;Praise You
1999;15;Tom Jones and The Cardigans;Burning Down The House
1999;16;Kelly Willis;Got A Feelin' For Ya
1999;17;Die Fantastischen Vier;MfG (Mit freundlichen Grüßen)
1999;18;Ron Sexsmith;Right About Now
1999;19;Gomez;We Haven't Turned Around
1999;20;Rocko Schamoni;Der Mond
2000;1;Phoenix;If I Ever Feel Better
2000;2;Aaliyah;Try Again
2000;3;Señor Coconut y su conjunto;The Robots (Cha-Cha-Cha)
2000;4;Das Bo;Türlich, türlich (sicher, Dicker)
2000;5;The Hives;Hate To Say I Told You So
2000;6;Etienne de Crécy;Scratched
2000;7;Thievery Corporation;The Mirror Conspiracy
2000;8;Kings Of Convenience;Winning A Battle, Losing The War
2000;9;Modjo;Lady (Hear Me Tonight) (Acoustic Version)
2000;10;All Saints;Pure Shores
2000;11;2raumwohnung;Wir trafen uns in einem Garten
2000;12;Peaches;Fuck The Pain Away
2000;13;N.E.R.D. feat. Lee Harvey and Vita;Lapdance
2000;14;Swati Natekar;Kabhi unke milan ke asha ne
2000;15;Outkast;Ms. Jackson
2000;16;Calexico;Ballad Of Cable Hogue
2000;17;Grandaddy;The Crystal Lake
2000;18;Tocotronic vs. Console;Freiburg V3.0
2000;19;Torch;Blauer Samt
2000;20;Eels;Packing Blankets
2001;1;Ryan Adams;New York, New York
2001;2;New Order;Crystal
2001;3;Tiga & Zyntherius;Sunglasses At Night
2001;4;Daft Punk;One More Time
2001;5;PeterLicht;Sonnendeck
2001;6;Starsailor;Fever
2001;7;Jan Delay;www.hitler.de
2001;8;Weezer;Island In The Sun
2001;9;Superpunk;Man kann einen ehrlichen Mann nicht auf seine Knie zwingen
2001;10;Kelis;Young, Fresh n' New
2001;11;Seeed;Dickes B
2001;12;The Streets;Has It Come To This?
2001;13;Super Furry Animals;Juxtapozed With U
2001;14;Jim O'Rourke;Get A Room
2001;15;Andre Williams;Put That Skillet Away
2001;16;Black Rebel Motorcycle Club;Whatever Happened To My Rock 'N' Roll (Punk Song)
2001;17;Afroman;Because I Got High
2001;18;Roger Sanchez;Another Chance
2001;19;Blumfeld;Wellen der Liebe
2001;20;Herbert;The Last Beat
2002;1;Common feat. Bilal & Erykah Badu;Aquarius
2002;2;Nelly;Hot In Herre
2002;3;Herbert Grönemeyer;Mensch
2002;4;Kettcar;Landungsbrücken raus
2002;5;Death In Vegas feat. Liam Gallagher;Scorpio Rising
2002;6;Badly Drawn Boy;Something To Talk About
2002;7;Xavier Naidoo;Brief
2002;8;Solomon Burke With The Blind Boys Of Alabama;None Of Us Are Free
2002;9;Missy Elliott;Work It
2002;10;Sean Paul;Gimme The Light
2002;11;Ron Sexsmith feat. Chris Martin;Gold In Them Hills
2002;12;Mando Diao;Mr. Moon
2002;13;Motorpsycho;Serpentine EP
2002;14;J.C.A.;I Begin To Wonder
2002;15;Klee;Erinner dich
2002;16;International Pony;Leaving Home
2002;17;Gentleman;Dem Gone
2002;18;Panjabi MC;Mundian to bach ke
2002;19;The Notwist;One With The Freaks
2002;20;Lambchop;Is A Woman
2003;1;Liz Phair;Rock Me
2003;2;Outkast;Hey Ya!
2003;3;Franz Ferdinand;Darts Of Pleasure
2003;4;Queens Of The Stone Age;Go With The Flow
2003;5;Robert Wyatt;Insensatez
2003;6;Steely Dan;Things I Miss The Most
2003;7;Stephen Duffy & The Lilac Time;Bank Holiday Monday
2003;8;Rufus Wainwright;I Don't Know What It Is
2003;9;Jet;Are You Gonna Be My Girl
2003;10;The Darkness;I Believe In A Thing Called Love
2003;11;Adam Green;Jessica
2003;12;Macy Gray;When I See You
2003;13;Timbaland & Magoo feat. Sebastian & Raje Shwari;Indian Flute
2003;14;Toranja;Carta
2003;15;The Libertines;Don't Look Back Into The Sun
2003;16;The Rapture;I Need Your Love
2003;17;Wir sind Helden;Denkmal
2003;18;P!nk;Trouble
2003;19;Death Cab For Cutie;The New Year
2003;20;Cat Power;I Don't Blame You
2004;1;Beatsteaks;I Don't Care As Long As You Sing
2004;2;Scissor Sisters;Take Your Mama
2004;3;Franz Ferdinand;Take Me Out
2004;4;Mia.;Hungriges Herz
2004;5;Eamon;F**k It (I Don't Want You Back)
2004;6;Feist;One Evening
2004;7;Donavon Frankenreiter & Jack Johnson;Free
2004;8;Mavis Staples;Will The Circle Be Unbroken
2004;9;Amadou & Mariam feat. Manu Chao;Sénégal Fast Food
2004;10;Bebel Gilberto;Aganjù
2004;11;Phoenix;Everything Is Everything
2004;12;Maritime;Sleep Around
2004;13;Kante;Wo die Flüsse singen
2004;14;Devendra Banhart;A Ribbon
2004;15;The Streets;Dry Your Eyes
2004;16;Kanye West;Jesus Walks
2004;17;The Polyphonic Spree;Hold Me Now
2004;18;Dizzee Rascal;Stand Up Tall
2004;19;Bloc Party;Banquet
2004;20;Elliott Smith;A Fond Farewell
2005;;Devendra Banhart;I Feel Just Like A Child
2005;2;Nada Surf;Blankest Year
2005;3;Babyshambles;Killamangiro
2005;4;M.I.A.;Pull Up The People
2005;5;Fettes Brot mit Finkenauer;An Tagen wie diesen
2005;6;"Damian ""Jr. Gong"" Marley";Welcome To Jamrock
2005;7;DJ Tomekk feat. Xzibit, Sido & Harris (a.k.a. Deine Lieblingsrapper);Salam alajkum (Boogie Down Berlin)
2005;8;Platinum Pied Pipers;One Minute More
2005;9;Sufjan Stevens;They Are Night Zombies!! They Are Neighbors!! They Have Come Back From The Dead!! Ahhhh!
2005;10;Element Of Crime;Delmenhorst
2005;11;John Prine;My Darlin' Hometown
2005;12;Keren Ann;Chelsea Burns
2005;13;Ben Arnold;Show Your Love
2005;14;Mylo;Drop The Pressure
2005;15;Goldfrapp;Number 1
2005;16;WhoMadeWho;Space For Rent
2005;17;Superimposers;Heavy Sigh
2005;18;Broken Social Scene;Swimmers
2005;19;My Morning Jacket;Wordless Chorus
2005;20;Antony & The Johnsons feat. Boy George;You Are My Sister